videoId,textDisplay,textOriginal,authorDisplayName,authorProfileImageUrl,authorChannelUrl,authorChannelId,canRate,viewerRating,likeCount,publishedAt,updatedAt
ehmyaX0lJew,"Je vote pour que l&#39;hymne national soit &quot;Never Gonna Give You Up&quot;. Comme √ßa, si un jour on a une √©quipe de foot ou des athl√®tes olympiques, on peut rickroller tout le monde.","Je vote pour que l'hymne national soit ""Never Gonna Give You Up"". Comme √ßa, si un jour on a une √©quipe de foot ou des athl√®tes olympiques, on peut rickroller tout le monde.",fauteuillouisxv,https://yt3.ggpht.com/ytc/AKedOLRiOIE_FfOYMmtJZhT94_M4LJ3dhJdUfuzL6iUk=s48-c-k-c0x00ffffff-no-rj,http://www.youtube.com/channel/UCB3SlhavTJwpvQslrjYfvlA,UCB3SlhavTJwpvQslrjYfvlA,True,none,4363,2021-11-01T14:31:33Z,2021-11-01T14:31:33Z
ehmyaX0lJew,Une id√©e d‚Äôhymne pour le pays ? ü§î,Une id√©e d‚Äôhymne pour le pays ? ü§î,YouTube,https://yt3.ggpht.com/584JjRp5QMuKbyduM_2k5RlXFqHJtQ0qLIPZpwbUjMJmgzZngHcam5JMuZQxyzGMV5ljwJRl0Q=s48-c-k-c0x00ffffff-no-rj,http://www.youtube.com/channel/UCBR8-60-B28hp2BmDPdntcQ,UCBR8-60-B28hp2BmDPdntcQ,True,none,887,2021-11-04T18:46:45Z,2021-11-04T18:46:45Z
ehmyaX0lJew,"&quot;Ce sera internet le territoire&quot; √ßa me fait me poser une question : Peux-tu donner √† ta micro-nation un territoire virtuel ? Tu cr√©e un environnement virtuel, accessible de pr√©f√©rence en r√©alit√© virtuelle pour plus de style, et tu l&#39;associe √† ta nation. A l&#39;heure actuelle √ßa fera probablement pas grand chose mais √† l&#39;heure des Metaverse dans quelques d√©cennies, qui sait ?","""Ce sera internet le territoire"" √ßa me fait me poser une question : Peux-tu donner √† ta micro-nation un territoire virtuel ? Tu cr√©e un environnement virtuel, accessible de pr√©f√©rence en r√©alit√© virtuelle pour plus de style, et tu l'associe √† ta nation. A l'heure actuelle √ßa fera probablement pas grand chose mais √† l'heure des Metaverse dans quelques d√©cennies, qui sait ?",Do,https://yt3.ggpht.com/ytc/AKedOLSR54io4bDtzKINfhofXhV3XTIJAsI7WwPKFWXd=s48-c-k-c0x00ffffff-no-rj,http://www.youtube.com/channel/UC91xKGD78FjsyijwAKSEBpw,UC91xKGD78FjsyijwAKSEBpw,True,none,521,2021-11-02T10:18:34Z,2021-11-02T10:21:44Z
ehmyaX0lJew,Je veux absolument un passeport de Dirtybiologyland. Et on veut le bar üòÇüòÇ,Je veux absolument un passeport de Dirtybiologyland. Et on veut le bar üòÇüòÇ,Dark,https://yt3.ggpht.com/Cv3SNTMi0KHR4x3goJUK7VlRrUZK-TyktgHbvYQEj8TJUYGidIzdDynBJThndaWEoG8nz26S=s48-c-k-c0x00ffffff-no-rj,http://www.youtube.com/channel/UC6hZ64RB21tnY-M7jfguuzg,UC6hZ64RB21tnY-M7jfguuzg,True,none,2,2021-11-26T15:00:01Z,2021-11-26T15:00:01Z
ehmyaX0lJew,Je veux absolument un passeport de Dirtybiologyland. Et on veut le bar üòÇüòÇ,Je veux absolument un passeport de Dirtybiologyland. Et on veut le bar üòÇüòÇ,Jeffrey 75,https://yt3.ggpht.com/ytc/AKedOLRDIEz77_NQDNnm2BuwZxpvF4CB_NvNyu9ThGd0=s48-c-k-c0x00ffffff-no-rj,http://www.youtube.com/channel/UCIOWsD3jQ44JZA2E1DNgZTg,UCIOWsD3jQ44JZA2E1DNgZTg,True,none,107,2021-11-02T08:12:55Z,2021-11-02T08:12:55Z
ehmyaX0lJew,"En tant qu&#39;Empire constitutionnel tr√®s d√©mocratique populaire et r√©publicain monarchiste d&#39;Imhotep, je reconnais la R√©publique populaire d√©mocratique du Dirtybiologistan.<br><br>Ce commentaire tr√®s officiel marque le d√©but de la reconnaissance internationale, entre micronations il faut savoir se soutenir.","En tant qu'Empire constitutionnel tr√®s d√©mocratique populaire et r√©publicain monarchiste d'Imhotep, je reconnais la R√©publique populaire d√©mocratique du Dirtybiologistan.

Ce commentaire tr√®s officiel marque le d√©but de la reconnaissance internationale, entre micronations il faut savoir se soutenir.",Empire constitutionnel tr√®s d√©mocratique populaire et r√©publicain monarchiste d'Imhotep,https://yt3.ggpht.com/K0X_3b-85c-4oYqe8jDIsL4TlefmU6ZzgHqXFjzHFM2q1RFrb2t9CWg1IHmTWs5dvgmvF3xegGo=s48-c-k-c0x00ffffff-no-rj,http://www.youtube.com/channel/UC-9hLSaVRQZ8Naa4Ynrf9Pw,UC-9hLSaVRQZ8Naa4Ynrf9Pw,True,none,2956,2021-11-01T16:58:52Z,2021-11-01T16:58:52Z
ehmyaX0lJew,"Si tu cr√©es 400 micro nations et tu les fais se consid√©rer mutuellement comme des √©tats l√©gitimes, alors est ce que tu pourras dire que ces √©tats sont l√©gitimes ?","Si tu cr√©es 400 micro nations et tu les fais se consid√©rer mutuellement comme des √©tats l√©gitimes, alors est ce que tu pourras dire que ces √©tats sont l√©gitimes ?",Salvador Dali,https://yt3.ggpht.com/ytc/AKedOLQMQSXPV-UF8JmBYhB8hDX2ukgznfEcVzcOUQaAltSPtEdt0zHysF67F2hkNLhz=s48-c-k-c0x00ffffff-no-rj,http://www.youtube.com/channel/UCigRoS30buqa57MJ89WRk1w,UCigRoS30buqa57MJ89WRk1w,True,none,108,2021-11-04T18:53:55Z,2021-11-04T18:54:47Z
ehmyaX0lJew,"Question: Existe-t-il des pays superpos√©s ? Comme dans un immeuble, une personne peu √™tre propri√©taire du 1er √©tage et une autre du second.","Question: Existe-t-il des pays superpos√©s ? Comme dans un immeuble, une personne peu √™tre propri√©taire du 1er √©tage et une autre du second.",alex,https://yt3.ggpht.com/ytc/AKedOLQFW1Acri8ZhKjfwPbOoXIxeBHBBykT65rK4g=s48-c-k-c0x00ffffff-no-rj,http://www.youtube.com/channel/UCtkHK9xQscZXYrMzgycpmtw,UCtkHK9xQscZXYrMzgycpmtw,True,none,35,2021-11-03T20:20:01Z,2021-11-03T20:20:01Z
ehmyaX0lJew,"Hey L√©o, l&#39;invite discord semble √™tre invalide pour le moment, soit on a tu√© le serveur, soit il y a quelque chose √† faire de ton c√¥t√© !<br>Super vid√©o comme d&#39;habitude","Hey L√©o, l'invite discord semble √™tre invalide pour le moment, soit on a tu√© le serveur, soit il y a quelque chose √† faire de ton c√¥t√© !
Super vid√©o comme d'habitude",Talinko Montaro,https://yt3.ggpht.com/ytc/AKedOLTx73MEQ3r_Wc5Y35mBkDm8Ltg7iXPG-L5BQJzM=s48-c-k-c0x00ffffff-no-rj,http://www.youtube.com/channel/UCjCOEdnVOjUJE3OhBXkceKQ,UCjCOEdnVOjUJE3OhBXkceKQ,True,none,35,2021-11-02T22:59:23Z,2021-11-02T23:09:57Z
ehmyaX0lJew,Je me suis d√©j√† fait a maintes reprises la r√©flexion &quot;Zozo et si tu cr√©ait un pays&quot; honn√™tement ca me rassure de plus passer pour un fou x),"Je me suis d√©j√† fait a maintes reprises la r√©flexion ""Zozo et si tu cr√©ait un pays"" honn√™tement ca me rassure de plus passer pour un fou x)",#ZENO,https://yt3.ggpht.com/ytc/AKedOLRgspZMGWof56xeIBVKR6xUaPGzg7LG4x9j4ig0yw=s48-c-k-c0x00ffffff-no-rj,http://www.youtube.com/channel/UCmOKeckaYehYZDbdTzJynpg,UCmOKeckaYehYZDbdTzJynpg,True,none,36,2021-11-02T21:16:14Z,2021-11-02T21:16:14Z
ehmyaX0lJew,"Tes vid√©os sont incroyables, j&#39;apprends tellement de nouvelles choses, clairement l&#39;une des fiert√©s du Youtube fran√ßais !!!!!!!","Tes vid√©os sont incroyables, j'apprends tellement de nouvelles choses, clairement l'une des fiert√©s du Youtube fran√ßais !!!!!!!",Popo Nmn,https://yt3.ggpht.com/ytc/AKedOLR9m-o3VeDRUK5p8_BtlVqrCMjc2eUSJuyGfw=s48-c-k-c0x00ffffff-no-rj,http://www.youtube.com/channel/UC1yLQm3jql1FHfxYQPLMD1Q,UC1yLQm3jql1FHfxYQPLMD1Q,True,none,3,2021-11-03T04:18:36Z,2021-11-03T04:18:36Z
ehmyaX0lJew,"Juste un truc de fou c&#39;est trop cool et super la collab avec @Fouloscopie, Merci √† toi pour ton travail et have fun Mr President","Juste un truc de fou c'est trop cool et super la collab avec @Fouloscopie, Merci √† toi pour ton travail et have fun Mr President",Lucas Legendre,https://yt3.ggpht.com/ytc/AKedOLSdLpaNtO1BIR9jQvpBCQkrfBsqZPWAbgeuSg=s48-c-k-c0x00ffffff-no-rj,http://www.youtube.com/channel/UC3-fPxgti8FR9QeQsXbjwPA,UC3-fPxgti8FR9QeQsXbjwPA,True,none,11,2021-11-02T09:34:05Z,2021-11-02T09:34:05Z
ehmyaX0lJew,"√ânorme cet √©pisode ! J&#39;ai √©crit mon m√©moire de Master sur le sujet et tu m&#39;as appris plein de truc ^^ Par contre quand la convention de Montevideo parle la capacit√© de rentrer en communication avec les autres √âtats il s&#39;agit pas d&#39;avoir un compte Tweeter. C&#39;est une question de personnalit√© juridique, la capacit√© √† ratifier un trait√© par exemple, et √ßa, √ßa d√©coule du principe de souverainet√© √©tatique (et donc de la reconnaissance des autres √âtats) üòä","√ânorme cet √©pisode ! J'ai √©crit mon m√©moire de Master sur le sujet et tu m'as appris plein de truc ^^ Par contre quand la convention de Montevideo parle la capacit√© de rentrer en communication avec les autres √âtats il s'agit pas d'avoir un compte Tweeter. C'est une question de personnalit√© juridique, la capacit√© √† ratifier un trait√© par exemple, et √ßa, √ßa d√©coule du principe de souverainet√© √©tatique (et donc de la reconnaissance des autres √âtats) üòä",Paul S√©galard,https://yt3.ggpht.com/ytc/AKedOLSY7OuiNros40sIe9vmamBYPelnpPEVbRBL6Q=s48-c-k-c0x00ffffff-no-rj,http://www.youtube.com/channel/UCczO63aw8_UIHlwhq-F9m5Q,UCczO63aw8_UIHlwhq-F9m5Q,True,none,7,2021-11-03T21:56:35Z,2021-11-03T21:56:35Z
ehmyaX0lJew,"<a href=""https://www.youtube.com/watch?v=ehmyaX0lJew&amp;t=17m58s"">17:58</a> L&#39;inspiration du personnage de Colas BIM devient claire d&#39;un coup !",17:58 L'inspiration du personnage de Colas BIM devient claire d'un coup !,Sayuh,https://yt3.ggpht.com/ytc/AKedOLTzXqP0WoV0nDby1QTanguDkMzNKxtYwmkuNyrPLuBSOzNe1BB1Hd_yG8yLwfHb=s48-c-k-c0x00ffffff-no-rj,http://www.youtube.com/channel/UCgLcVKCC3ZzmUvSsls4lSeA,UCgLcVKCC3ZzmUvSsls4lSeA,True,none,16,2021-11-02T09:38:47Z,2021-11-02T09:38:47Z
ehmyaX0lJew,&quot;J&#39;admets qu&#39;il y a un certain panache √† tester les limites de la bureaucratie des Balkans&quot;. J&#39;ai bien ri.,"""J'admets qu'il y a un certain panache √† tester les limites de la bureaucratie des Balkans"". J'ai bien ri.",jeoffrey monin,https://yt3.ggpht.com/ytc/AKedOLQpSW5t-FU3QwS_-Sclv9AgZxYQJg2rEuAulREv=s48-c-k-c0x00ffffff-no-rj,http://www.youtube.com/channel/UCDI2DYMCs6HmOZvrGyEIk3w,UCDI2DYMCs6HmOZvrGyEIk3w,True,none,1682,2021-11-01T14:02:42Z,2021-11-01T14:02:42Z
ehmyaX0lJew,C&#39;est... vraiment VRAIMENT trop cool. H√¢te de voir aussi le r√©sultat final &lt;3,C'est... vraiment VRAIMENT trop cool. H√¢te de voir aussi le r√©sultat final <3,Charlotte Hubert,https://yt3.ggpht.com/ytc/AKedOLTIfEVlayzIivNMxoqhUi3XFxIZh1ex_MUNRA=s48-c-k-c0x00ffffff-no-rj,http://www.youtube.com/channel/UCH0QyJ2hFvujHWLoO3Mg-zg,UCH0QyJ2hFvujHWLoO3Mg-zg,True,none,4,2021-11-02T07:32:16Z,2021-11-02T07:32:16Z
ehmyaX0lJew,"L‚Äôexp√©rience me fait penser √† Reddit place, h√¢te de voir si ta commu va √™tre aussi coordonn√©e","L‚Äôexp√©rience me fait penser √† Reddit place, h√¢te de voir si ta commu va √™tre aussi coordonn√©e",Lucien Torrent,https://yt3.ggpht.com/ytc/AKedOLTAvTMQl6ce4zuLDRwsT-iyIwo_Eb8lJc7rG6J5=s48-c-k-c0x00ffffff-no-rj,http://www.youtube.com/channel/UCQ2Ymz7dfr09ZmAvnDIAnrw,UCQ2Ymz7dfr09ZmAvnDIAnrw,True,none,25,2021-11-03T14:04:28Z,2021-11-03T14:04:28Z
ehmyaX0lJew,"Superbe vid√©o! √âcriture, Sujet, Montage, R√©al! Bravo et merci, je partage! üôèüèªüëäüèªüëçüèªüòä","Superbe vid√©o! √âcriture, Sujet, Montage, R√©al! Bravo et merci, je partage! üôèüèªüëäüèªüëçüèªüòä",Lo√Øc L,https://yt3.ggpht.com/ytc/AKedOLRch-fpD1JpmJbolOQTEA21zLl4UyGJIIc2iPZ1=s48-c-k-c0x00ffffff-no-rj,http://www.youtube.com/channel/UCrsaPBtKq5qJjNGR3V9NRiw,UCrsaPBtKq5qJjNGR3V9NRiw,True,none,5,2021-11-02T15:47:05Z,2021-11-02T15:47:05Z
ehmyaX0lJew,"Merci pour ton travail de qualit√©, j&#39;esp√®re faire un jour des vid√©os d&#39;aussi bonne qualit√© que les tiennes ! :)<br><a href=""https://www.youtube.com/watch?v=ehmyaX0lJew&amp;t=4m22s"">4:22</a> Petite coquille : l&#39;Albanie n&#39;a jamais fait partie de la Yougoslavie ;)","Merci pour ton travail de qualit√©, j'esp√®re faire un jour des vid√©os d'aussi bonne qualit√© que les tiennes ! :)
4:22 Petite coquille : l'Albanie n'a jamais fait partie de la Yougoslavie ;)","Toiris, une nouvelle chaine d'histoire",https://yt3.ggpht.com/xYayCLevP3RoU4sA4uFJhdK0tO7M0ftUzR7jFX99u0yPdluTHf7BjwKW6gPfSRnG5Vh38O1B=s48-c-k-c0x00ffffff-no-rj,http://www.youtube.com/channel/UC41nkCpyY4gzItixHtaNqvw,UC41nkCpyY4gzItixHtaNqvw,True,none,2,2021-11-23T07:55:17Z,2021-11-23T07:55:17Z
ehmyaX0lJew,"Bravo pour le taff L√©o ! Le bar, si c&#39;est moi qui l&#39;ouvre je l&#39;appellerais &quot;√† L√©o Bar&quot; c&#39;est plus rigolo.","Bravo pour le taff L√©o ! Le bar, si c'est moi qui l'ouvre je l'appellerais ""√† L√©o Bar"" c'est plus rigolo.",Allosauruski,https://yt3.ggpht.com/ytc/AKedOLTXfRcqNB4xCtcydhvgC2AR6VO0Z2Hbr8hZOxWt=s48-c-k-c0x00ffffff-no-rj,http://www.youtube.com/channel/UCqDmSRCliItjVzX96bTqIQA,UCqDmSRCliItjVzX96bTqIQA,True,none,425,2021-11-01T17:11:02Z,2021-11-01T17:11:02Z
ehmyaX0lJew,"une vid√©o excellente, un sujet surprenant et int√©ressant.. t&#39;avais des √©toiles dans les yeux tout le long de la vid√©o, √ßa fait plaisir √† voir ! fier d&#39;√™tre membre du Dirtybiologistan ! &lt;3 &lt;3","une vid√©o excellente, un sujet surprenant et int√©ressant.. t'avais des √©toiles dans les yeux tout le long de la vid√©o, √ßa fait plaisir √† voir ! fier d'√™tre membre du Dirtybiologistan ! <3 <3",Mr. Harrow,https://yt3.ggpht.com/ytc/AKedOLQ5A1UwLUOxrRGkEU2nUrjXfCUk7WbP8nNATpdMD4Q=s48-c-k-c0x00ffffff-no-rj,http://www.youtube.com/channel/UCf-PTIrNmva7YV1f1e7Dnvw,UCf-PTIrNmva7YV1f1e7Dnvw,True,none,1,2021-11-03T17:50:07Z,2021-11-03T17:50:07Z
ehmyaX0lJew,"Mais comment c&#39;est TROP COOL, trop fun, et trop int√©ressant (comme tes vid√©os quoi) j&#39;ai trop h√¢te de voir les futures exp√©riences que vous nous avez concoct√© avec le g√©nial @fouloscopie ü§© go drapeaaaaaaauuuuuuu","Mais comment c'est TROP COOL, trop fun, et trop int√©ressant (comme tes vid√©os quoi) j'ai trop h√¢te de voir les futures exp√©riences que vous nous avez concoct√© avec le g√©nial @fouloscopie ü§© go drapeaaaaaaauuuuuuu",Cl√©lie,https://yt3.ggpht.com/ytc/AKedOLSpBtYTJuHdbZJ_Lyyi4htFAhMXoFERq7zXYIIu=s48-c-k-c0x00ffffff-no-rj,http://www.youtube.com/channel/UCcuduiTqAA5ScjRxg8R6ibA,UCcuduiTqAA5ScjRxg8R6ibA,True,none,3,2021-11-02T16:19:33Z,2021-11-02T16:19:33Z
ehmyaX0lJew,"Ultime projet, merci pour cette id√©e moult fameuse ‚ú®‚ú®‚ú®‚ú®‚ú® et puis-je juste savoir si il y a un compteur de participants afin de conna√Ætre l‚Äôavanc√©e des citoyens stp ? J‚Äôai cherch√© mais probablement pas assez üòâüôè vive toi !","Ultime projet, merci pour cette id√©e moult fameuse ‚ú®‚ú®‚ú®‚ú®‚ú® et puis-je juste savoir si il y a un compteur de participants afin de conna√Ætre l‚Äôavanc√©e des citoyens stp ? J‚Äôai cherch√© mais probablement pas assez üòâüôè vive toi !",Ils changeaient la vie,https://yt3.ggpht.com/ytc/AKedOLTzz1LaB7eE1tOQ25fg1O1-iximtozcfcELEBPfcg=s48-c-k-c0x00ffffff-no-rj,http://www.youtube.com/channel/UCnse9ZDFdmPBIwikPaoAieQ,UCnse9ZDFdmPBIwikPaoAieQ,True,none,3,2021-11-02T22:27:59Z,2021-11-02T22:27:59Z
ehmyaX0lJew,Salut ! Je n&#39;y connaissais pas grand chose et j&#39;ai appris √©norm√©ment : merci^^ Et je trouve l&#39;exp√©rience hyper int√©ressante :),Salut ! Je n'y connaissais pas grand chose et j'ai appris √©norm√©ment : merci^^ Et je trouve l'exp√©rience hyper int√©ressante :),julie le goff,https://yt3.ggpht.com/ytc/AKedOLTq5FAyxx2f5uIScb1UaU4MX3OnfG5rqqT5i4fubA=s48-c-k-c0x00ffffff-no-rj,http://www.youtube.com/channel/UCE97E3nusJLm02tWxnVJlkQ,UCE97E3nusJLm02tWxnVJlkQ,True,none,0,2021-11-11T14:05:41Z,2021-11-11T14:05:41Z
ehmyaX0lJew,Super int√©ressante cette vid√©o! Ca m&#39;a fascin√© du d√©but √† la fin alors que j&#39;aurais pas forc√©ment miser dessus quand j&#39;ai vu le sujet.,Super int√©ressante cette vid√©o! Ca m'a fascin√© du d√©but √† la fin alors que j'aurais pas forc√©ment miser dessus quand j'ai vu le sujet.,Laura Pezoune,https://yt3.ggpht.com/ytc/AKedOLRYW4tUsoXMIXaW2ox2ii1hwcdBAC9ZDMBn8fJdLA=s48-c-k-c0x00ffffff-no-rj,http://www.youtube.com/channel/UCdYlvoO6SiYkKc85-pVZhjQ,UCdYlvoO6SiYkKc85-pVZhjQ,True,none,1,2021-11-02T23:00:37Z,2021-11-02T23:00:37Z
ehmyaX0lJew,"Merci pour cette vid√©o de qualitayyyyy ! Je me suis toujours pos√© beaucoup de question sur ce sujet ET sur le bordel du Kosovo ! Of course j&#39;attend ma nationalit√© avec impatience, j&#39;ai tr√®s envie d&#39;√™tre Dirty !","Merci pour cette vid√©o de qualitayyyyy ! Je me suis toujours pos√© beaucoup de question sur ce sujet ET sur le bordel du Kosovo ! Of course j'attend ma nationalit√© avec impatience, j'ai tr√®s envie d'√™tre Dirty !",Mrs Jules,https://yt3.ggpht.com/ytc/AKedOLTmKlGJ6aDwzcwC4oepVvWHPHf0tVoq3g70tT_PMg=s48-c-k-c0x00ffffff-no-rj,http://www.youtube.com/channel/UCRKlm8OQEx8SMORpIUxo1Kg,UCRKlm8OQEx8SMORpIUxo1Kg,True,none,1,2021-11-02T13:07:08Z,2021-11-02T13:07:08Z
ehmyaX0lJew,bonsoir! vid√©o superbe et int√©ressante comme toujours :) par contre le lien discord ne fonctionne plus :c,bonsoir! vid√©o superbe et int√©ressante comme toujours :) par contre le lien discord ne fonctionne plus :c,Aliosus,https://yt3.ggpht.com/WHnhhlSWwdzXvAVeAKpRWayM-e7ynLTxUiRfi2HHHaif8Ss-E96xZDh3IYUIYM4CpWZCbe5C=s48-c-k-c0x00ffffff-no-rj,http://www.youtube.com/channel/UCMauoelkEJl2Fi6Y86Df7Ww,UCMauoelkEJl2Fi6Y86Df7Ww,True,none,0,2021-11-02T20:25:23Z,2021-11-02T20:25:23Z
ehmyaX0lJew,"ce concept incroyable !! l&#39;animation du drapeau sur le site donne tout son sens a l&#39;experience, allez voir :)","ce concept incroyable !! l'animation du drapeau sur le site donne tout son sens a l'experience, allez voir :)",Dabeuch,https://yt3.ggpht.com/8ByBTfB6X4Qe_yKPct3YmPmgl1Zbs3R-Y5vNnq69SsBVENWbDLUP0fNWGDs9mtR80bGCUjfw=s48-c-k-c0x00ffffff-no-rj,http://www.youtube.com/channel/UCbIdU3W7RI1kaqUS7nliBXQ,UCbIdU3W7RI1kaqUS7nliBXQ,True,none,0,2021-11-02T10:36:58Z,2021-11-02T10:37:14Z
ehmyaX0lJew,"J‚Äôai fait un master en droit international et je dois dire que cet √©pisode m‚Äôa fait halluciner. C‚Äôest quelque chose qui n‚Äôest pas √©tudi√© en classe, par manque de temps je suppose, et pourtant je trouve cet exercice passionnant et hyper ludique. Je viens de partager ta vid√©o √† une ancienne professeur de droit et √† quelques potes de master. J‚Äôesp√®re qu‚Äô√† mon petit niveau, ta vid√©o et ton exp√©rience seront partag√©s et pourquoi pas repris dans le cadre universitaire. <br>Bravo pour tout ces mois de travail et bravo √† ta communaut√© !","J‚Äôai fait un master en droit international et je dois dire que cet √©pisode m‚Äôa fait halluciner. C‚Äôest quelque chose qui n‚Äôest pas √©tudi√© en classe, par manque de temps je suppose, et pourtant je trouve cet exercice passionnant et hyper ludique. Je viens de partager ta vid√©o √† une ancienne professeur de droit et √† quelques potes de master. J‚Äôesp√®re qu‚Äô√† mon petit niveau, ta vid√©o et ton exp√©rience seront partag√©s et pourquoi pas repris dans le cadre universitaire. 
Bravo pour tout ces mois de travail et bravo √† ta communaut√© !",Cam,https://yt3.ggpht.com/bLkJAugmHO2KdcZXRktvDsKCH4WBWhh01HItka6ZcVoosL5Afm1jmj6hgyDQqVfhFlMoGAG1=s48-c-k-c0x00ffffff-no-rj,http://www.youtube.com/channel/UCKIX_E9Ne5jksw4VsD3RL2A,UCKIX_E9Ne5jksw4VsD3RL2A,True,none,562,2021-11-01T22:12:35Z,2021-11-01T22:12:35Z
ehmyaX0lJew,"<a href=""https://www.youtube.com/watch?v=ehmyaX0lJew&amp;t=4m38s"">4:38</a> &quot;en Serbie, o√π on voulait √† l&#39;√©poque garder la f√©d√©ration en la dirigeant depuis Sarajevo, donc depuis chez eux&quot;. Hum L√©o, Sarajevo, en Serbie ? T&#39;es s√ªr ? En plus de l&#39;Albanie en Yougoslavie juste avant (<a href=""https://www.youtube.com/watch?v=ehmyaX0lJew&amp;t=4m26s"">4:26</a>), si t&#39;as besoin de relecteurs fais-nous signe !","4:38 ""en Serbie, o√π on voulait √† l'√©poque garder la f√©d√©ration en la dirigeant depuis Sarajevo, donc depuis chez eux"". Hum L√©o, Sarajevo, en Serbie ? T'es s√ªr ? En plus de l'Albanie en Yougoslavie juste avant (4:26), si t'as besoin de relecteurs fais-nous signe !",Homo Correctus,https://yt3.ggpht.com/ytc/AKedOLSJURxsDMJAvMTNJaWbqYvPzOV1CDCQquLQWg=s48-c-k-c0x00ffffff-no-rj,http://www.youtube.com/channel/UCRUZ3oAtb3ncM2IqHVngS7g,UCRUZ3oAtb3ncM2IqHVngS7g,True,none,7,2021-11-08T13:04:10Z,2021-11-08T13:04:10Z
ehmyaX0lJew,"L√©o, et les autres membres de l&#39;√©quipe, sont brillants ! La forme comme le fond m&#39;impressionnent davantage √† chaque vid√©o.","L√©o, et les autres membres de l'√©quipe, sont brillants ! La forme comme le fond m'impressionnent davantage √† chaque vid√©o.",EcoAku,https://yt3.ggpht.com/ytc/AKedOLRP5e62Dah_ihT895DLcUbaTkxI70BvccerMAXw=s48-c-k-c0x00ffffff-no-rj,http://www.youtube.com/channel/UC6QFuk20lign425J5sM4v3g,UC6QFuk20lign425J5sM4v3g,True,none,0,2021-11-08T17:16:02Z,2021-11-08T17:16:02Z
ehmyaX0lJew,"<a href=""https://www.youtube.com/watch?v=ehmyaX0lJew&amp;t=9m15s"">9:15</a> Et m√™me que quand tu y vas, les autorit√©s locales te disent &quot;Bonne chance!&quot; :D","9:15 Et m√™me que quand tu y vas, les autorit√©s locales te disent ""Bonne chance!"" :D",R1 Geek-L,https://yt3.ggpht.com/ytc/AKedOLR4vCUj7Sb7PrDORJSZAaQESXxDZMS-xrUonQ=s48-c-k-c0x00ffffff-no-rj,http://www.youtube.com/channel/UClFKcb0KeIyKSOURJa3UdTg,UClFKcb0KeIyKSOURJa3UdTg,True,none,12,2021-11-03T17:59:50Z,2021-11-03T17:59:50Z
ehmyaX0lJew,"Cette qualit√© dans le montage, dans l&#39;√©criture wow !","Cette qualit√© dans le montage, dans l'√©criture wow !",Zen it,https://yt3.ggpht.com/yFHKKmeuaterSll4llEtxfsFPQfvtxHsSkOigWe2nANaxnLJur2KnVvvO8XxU2L7dePRyabNvg=s48-c-k-c0x00ffffff-no-rj,http://www.youtube.com/channel/UC0ETON9l1_25xKDr7UhfIrA,UC0ETON9l1_25xKDr7UhfIrA,True,none,0,2021-11-04T08:44:43Z,2021-11-04T08:44:43Z
ehmyaX0lJew,"Est-ce que si les balkans reformaient qu&#39;un seul pays, pourrait-on l&#39;appeler &quot;Le Balkany&quot; ? De plus serait-ce un paradis fiscal ?","Est-ce que si les balkans reformaient qu'un seul pays, pourrait-on l'appeler ""Le Balkany"" ? De plus serait-ce un paradis fiscal ?",[J√∏ss],https://yt3.ggpht.com/ytc/AKedOLQDjUHi8gma4PNSCoiNJ045BWpI3XsTmTIenv0n8g=s48-c-k-c0x00ffffff-no-rj,http://www.youtube.com/channel/UC2JiT08p_R2UJQXXyDcXshA,UC2JiT08p_R2UJQXXyDcXshA,True,none,53,2021-11-01T17:14:27Z,2021-11-01T17:14:27Z
ehmyaX0lJew,c&#39;est tellement ouf cette id√©e ! Trop h√¢te de voir la suite des projets :D,c'est tellement ouf cette id√©e ! Trop h√¢te de voir la suite des projets :D,Vickie D.,https://yt3.ggpht.com/ytc/AKedOLQcK6zcYdqN0YYr7EJqqBsq5EOXSGKhfxWJx0m8lg=s48-c-k-c0x00ffffff-no-rj,http://www.youtube.com/channel/UCB6DuqDep7DdDQ9oPjHelrQ,UCB6DuqDep7DdDQ9oPjHelrQ,True,none,6,2021-11-02T20:59:12Z,2021-11-02T20:59:12Z
ehmyaX0lJew,"C&#39;est incroyable ce genre de projet, merci √† la chaine de montrer ce qui est possible avec de la cr√©ativit√© !","C'est incroyable ce genre de projet, merci √† la chaine de montrer ce qui est possible avec de la cr√©ativit√© !",tresor jeremie,https://yt3.ggpht.com/ytc/AKedOLS1LVDjI5tioYCxEMgvaLAZzgspbpXHV3rNFfgb=s48-c-k-c0x00ffffff-no-rj,http://www.youtube.com/channel/UCpT3G4UYvj5hNGDud1Ym1xA,UCpT3G4UYvj5hNGDud1Ym1xA,True,none,0,2021-11-10T09:34:22Z,2021-11-10T09:34:22Z
ehmyaX0lJew,"&quot;La capacit√© de rentrer en relation avec d‚Äôautres √©tats&quot; signifie que tu n√©cessites la reconnaissance des autres dans le cadre de relations internationales, les mails et twitter ne suffiront pas ;) Il te faut pour √ßa rentrer dans une logique de repr√©sentation internationale avec des ambassabes par exemple ainsi que r√©diger tes communiqu√©s selon un protocole pr√©cis. La reconnaissance est la cl√© pour cr√©er son √©tat","""La capacit√© de rentrer en relation avec d‚Äôautres √©tats"" signifie que tu n√©cessites la reconnaissance des autres dans le cadre de relations internationales, les mails et twitter ne suffiront pas ;) Il te faut pour √ßa rentrer dans une logique de repr√©sentation internationale avec des ambassabes par exemple ainsi que r√©diger tes communiqu√©s selon un protocole pr√©cis. La reconnaissance est la cl√© pour cr√©er son √©tat",thibault Zajac,https://yt3.ggpht.com/ytc/AKedOLTNHLeMEIfCxxYbT6_2NqeJ14pEb49-t4l5ML626Q=s48-c-k-c0x00ffffff-no-rj,http://www.youtube.com/channel/UCkz5VlW8o-ppBVxIs9ln7Xg,UCkz5VlW8o-ppBVxIs9ln7Xg,True,none,1,2021-11-05T13:01:05Z,2021-11-05T13:01:05Z
ehmyaX0lJew,"Funfact, &quot;Dirtybiologystan&quot; impliquerait qu&#39;il s&#39;agit, en plus, d&#39;une ancienne province perse (&quot;stan&quot; = &quot;provicne&quot; en (ancien?) perse).","Funfact, ""Dirtybiologystan"" impliquerait qu'il s'agit, en plus, d'une ancienne province perse (""stan"" = ""provicne"" en (ancien?) perse).",Chayan,https://yt3.ggpht.com/ytc/AKedOLRr00nFkszZXrRtoKlhveIqjhZf-_Mhi3Bc5A=s48-c-k-c0x00ffffff-no-rj,http://www.youtube.com/channel/UCKjGvF-GV93tVLws-pdRBUg,UCKjGvF-GV93tVLws-pdRBUg,True,none,1,2021-11-03T18:43:02Z,2021-11-03T18:43:02Z
ehmyaX0lJew,"Depuis quelques mois le montage et les vid√©os en g√©n√©ral sont ultra quali , gg","Depuis quelques mois le montage et les vid√©os en g√©n√©ral sont ultra quali , gg",Sayo - Chroniques du SCP et Backrooms,https://yt3.ggpht.com/MGg-bhjttz2DM2_1Uk473CdTiuRZJBea4j_ApspEZT-vosIdtTrrS4AUFjPWKl3x3wi3EbuOuUc=s48-c-k-c0x00ffffff-no-rj,http://www.youtube.com/channel/UC66VQaGNTenZ6K0qDsPQZQg,UC66VQaGNTenZ6K0qDsPQZQg,True,none,455,2021-11-01T13:40:59Z,2021-11-01T13:40:59Z
ehmyaX0lJew,"C&#39;est incroyable de voir qu&#39;il y a un motif qui ressort, pas mal d&#39;ailleurs","C'est incroyable de voir qu'il y a un motif qui ressort, pas mal d'ailleurs",Emi,https://yt3.ggpht.com/ytc/AKedOLQmdm0Q0R_X_Or7ItmKnNC-nGeD_Mf24O-f289CaA=s48-c-k-c0x00ffffff-no-rj,http://www.youtube.com/channel/UCnADPC4O1l47ZygYvFkLQiA,UCnADPC4O1l47ZygYvFkLQiA,True,none,0,2021-11-02T11:15:47Z,2021-11-02T11:15:47Z
ehmyaX0lJew,"Je vote pour une interdiction pure et simple du culte de paix et d‚Äôamour, l‚Äôhistoire nous a prouv√© que √ßa ne posait toujours que des probl√®mes partout o√π ils s‚Äôimplantent","Je vote pour une interdiction pure et simple du culte de paix et d‚Äôamour, l‚Äôhistoire nous a prouv√© que √ßa ne posait toujours que des probl√®mes partout o√π ils s‚Äôimplantent",Kami,https://yt3.ggpht.com/ytc/AKedOLQsSHz0If4KpS1fJZ3PH0F1KAq0plcHikj6nBrm=s48-c-k-c0x00ffffff-no-rj,http://www.youtube.com/channel/UCce_J-0e9Ys5pp9KovhX1cw,UCce_J-0e9Ys5pp9KovhX1cw,True,none,0,2021-11-02T13:17:24Z,2021-11-02T13:17:24Z
ehmyaX0lJew,"Maintenant que l&#39;exp√©rience est termin√©e, on veut une vid√©o de d√©briefing ! ;-)","Maintenant que l'exp√©rience est termin√©e, on veut une vid√©o de d√©briefing ! ;-)",Aymeric P,https://yt3.ggpht.com/ytc/AKedOLR1vEZbyV-hd1xy7U-0icFdS7B79djBWEzKMgzIiQ=s48-c-k-c0x00ffffff-no-rj,http://www.youtube.com/channel/UCzGHrXfHbN0Dnq-2ya8EGHA,UCzGHrXfHbN0Dnq-2ya8EGHA,True,none,0,2021-11-22T18:48:07Z,2021-11-22T18:48:07Z
ehmyaX0lJew,"On s&#39;√©loigne sacr√©ment de la biologie, encore plus que d&#39;autres fois ! C&#39;est pas un critique n√©gative ^^","On s'√©loigne sacr√©ment de la biologie, encore plus que d'autres fois ! C'est pas un critique n√©gative ^^",Elody,https://yt3.ggpht.com/ytc/AKedOLS89VHy5bcY4_zFCGY9M0mBB_PZlNZcFE_hlQ=s48-c-k-c0x00ffffff-no-rj,http://www.youtube.com/channel/UCwXaYZm67urZZz3U4iDIV-w,UCwXaYZm67urZZz3U4iDIV-w,True,none,2,2021-11-03T16:22:39Z,2021-11-03T16:22:39Z
ehmyaX0lJew,"You come for the knowledge, you stay for the humor - j‚Äôadore cette cha√Æne ne t‚Äôarr√™te jamais","You come for the knowledge, you stay for the humor - j‚Äôadore cette cha√Æne ne t‚Äôarr√™te jamais",Design Education,https://yt3.ggpht.com/ytc/AKedOLSdBrm7Et14bkHPqILXXgTn3adJBRgOFrXetspY=s48-c-k-c0x00ffffff-no-rj,http://www.youtube.com/channel/UCNtk7BNd0GJ11_37AxIH4YQ,UCNtk7BNd0GJ11_37AxIH4YQ,True,none,302,2021-11-01T13:41:15Z,2021-11-01T13:41:15Z
ehmyaX0lJew,J&#39;adore! Compl√®tement fou mais fantastique id√©e,J'adore! Compl√®tement fou mais fantastique id√©e,Aude Geant,https://yt3.ggpht.com/ytc/AKedOLS7g0xVvN8ssjcXkpa5JZjOBYuQZqByjtzz6g=s48-c-k-c0x00ffffff-no-rj,http://www.youtube.com/channel/UCwZ0d1HHLs0tg3us-_JmFrQ,UCwZ0d1HHLs0tg3us-_JmFrQ,True,none,0,2021-11-03T01:36:10Z,2021-11-03T01:36:10Z
ehmyaX0lJew,<b>Excellente vid√©o :D merci de ton partage!!</b>,*Excellente vid√©o :D merci de ton partage!!*,Sikogne gaming,https://yt3.ggpht.com/jWpPt29mi5O3SMrh0DvmwPLXWeXHXnW0Z-lMkvCYbzMdS6BvCBrAA0iDBZK9tqK4YvRgQuOsbIs=s48-c-k-c0x00ffffff-no-rj,http://www.youtube.com/channel/UCMdIhq-uzQCTf84iSyPqGig,UCMdIhq-uzQCTf84iSyPqGig,True,none,1,2021-11-02T20:23:24Z,2021-11-02T20:23:24Z
ehmyaX0lJew,C&#39;est vraiment super cool comme id√©e et comme principe !<br>Par contre ce serai pas mal d&#39;ajouter un genre autre ou personnalisable lors de l&#39;inscription :),"C'est vraiment super cool comme id√©e et comme principe !
Par contre ce serai pas mal d'ajouter un genre autre ou personnalisable lors de l'inscription :)",Xenon Linker,https://yt3.ggpht.com/ytc/AKedOLQXDlZ5YBegvzZ7NvSM0KIcSKGr9PiZZssO=s48-c-k-c0x00ffffff-no-rj,http://www.youtube.com/channel/UCfGvwSbyvF3OoE76Vw968KA,UCfGvwSbyvF3OoE76Vw968KA,True,none,0,2021-11-04T15:46:28Z,2021-11-04T15:46:28Z
ehmyaX0lJew,"Superbe vid√©o! √âcriture, Sujet, Montage, R√©al! Bravo et merci, je partage!","Superbe vid√©o! √âcriture, Sujet, Montage, R√©al! Bravo et merci, je partage!",wnnalis cioov,https://yt3.ggpht.com/ytc/AKedOLT2zY4GY9rn-7HH4BRPIkeAxJl1fpt4wG6Qh8A9Qw=s48-c-k-c0x00ffffff-no-rj,http://www.youtube.com/channel/UCyHBHxkfACUYC5mzinA13oQ,UCyHBHxkfACUYC5mzinA13oQ,True,none,0,2021-11-16T01:00:02Z,2021-11-16T01:00:02Z
ehmyaX0lJew,"&quot;moi pr√©sident, mon pays existera, et c&#39;est d√©j√† bien&quot;","""moi pr√©sident, mon pays existera, et c'est d√©j√† bien""",lefantaz,https://yt3.ggpht.com/ytc/AKedOLTppQnHiknJy1kHxN4AEQAImPDFAFSzJ7HCDD5kbA=s48-c-k-c0x00ffffff-no-rj,http://www.youtube.com/channel/UC6IgcC7550snI5W7NvV7JzA,UC6IgcC7550snI5W7NvV7JzA,True,none,1540,2021-11-01T13:42:25Z,2021-11-01T13:42:25Z
ehmyaX0lJew,"Displate pose toujours des probl√®mes de droit d‚Äôauteurs selon moi, mais personne semble se rendre compte de ces probl√®mes.","Displate pose toujours des probl√®mes de droit d‚Äôauteurs selon moi, mais personne semble se rendre compte de ces probl√®mes.",„ÄåDarkAce„Äç,https://yt3.ggpht.com/ytc/AKedOLQBpa8Qu42uU_erhkDgG-V_5OAqycf9PhAzpgQKqQ=s48-c-k-c0x00ffffff-no-rj,http://www.youtube.com/channel/UCszHipaN0ckxArw0UOMfpdw,UCszHipaN0ckxArw0UOMfpdw,True,none,1,2021-11-02T12:01:53Z,2021-11-02T12:01:53Z
ehmyaX0lJew,"Nous sommes le vendredi 5 novembre 2021 et... Ce pays a d√©j√† des r√©gions et d√©partements d√©finis sur des cartes pr√©cises avec des drapeaux et des plats r√©gionnaux, des passeports ont √©t√©s propos√©s et une langue est en cours de cr√©ation, il y a tellement de discords que j&#39;en suis perdu, mais je trouve cette experience formidable (vraiment)...","Nous sommes le vendredi 5 novembre 2021 et... Ce pays a d√©j√† des r√©gions et d√©partements d√©finis sur des cartes pr√©cises avec des drapeaux et des plats r√©gionnaux, des passeports ont √©t√©s propos√©s et une langue est en cours de cr√©ation, il y a tellement de discords que j'en suis perdu, mais je trouve cette experience formidable (vraiment)...",Johanna Letellier-Colin,https://yt3.ggpht.com/ytc/AKedOLQYMrZTC6ZVYa0BYDVd4jSAVhAXh7xwcCWdUdB1D4k=s48-c-k-c0x00ffffff-no-rj,http://www.youtube.com/channel/UCTTGkdh_OGstnTXnrz8YL8A,UCTTGkdh_OGstnTXnrz8YL8A,True,none,2,2021-11-05T16:36:15Z,2021-11-05T16:36:15Z
ehmyaX0lJew,Le genre de vid√©os qui va un peu trop aider les Flamand √† prendre leur ind√©pendance. Merci L√©o ! xD,Le genre de vid√©os qui va un peu trop aider les Flamand √† prendre leur ind√©pendance. Merci L√©o ! xD,Magetic0,https://yt3.ggpht.com/ytc/AKedOLQbO841f2TFjW8pjqGSAGE_u0pyOKvVKnDB8Kj3=s48-c-k-c0x00ffffff-no-rj,http://www.youtube.com/channel/UCs60KjKWB5kndK3ecMiACAA,UCs60KjKWB5kndK3ecMiACAA,True,none,0,2021-11-03T12:27:13Z,2021-11-03T12:27:13Z
ehmyaX0lJew,id√©e de video par int√©r√™t purement acad√©mique : pourrait on se cr√©er un calendrier nous montrant les quantit√©s de substances qu&#39;on peut consommer et √† quels moments afin d&#39;√©viter/minimiser l&#39;accoutumance autant que possible ?,id√©e de video par int√©r√™t purement acad√©mique : pourrait on se cr√©er un calendrier nous montrant les quantit√©s de substances qu'on peut consommer et √† quels moments afin d'√©viter/minimiser l'accoutumance autant que possible ?,Hippolyte,https://yt3.ggpht.com/ytc/AKedOLT8eVuc-Jn9e4ZrR6TQyjRO1xNeDp0MfJkRFA=s48-c-k-c0x00ffffff-no-rj,http://www.youtube.com/channel/UCflD2vlbmcQ_KX7YDWiySFQ,UCflD2vlbmcQ_KX7YDWiySFQ,True,none,1,2021-11-05T19:25:12Z,2021-11-05T19:25:12Z
ehmyaX0lJew,"Trop trop int√©ressant, je suis en droit international public et c&#39;est vraiment bien repris et vulgaris√© !!!","Trop trop int√©ressant, je suis en droit international public et c'est vraiment bien repris et vulgaris√© !!!",MMA,https://yt3.ggpht.com/ytc/AKedOLRNvI0twQC2tyHIGzX9eoL5kU6XwpFCeaimbGEQMEA=s48-c-k-c0x00ffffff-no-rj,http://www.youtube.com/channel/UCLrZY1Gr7bUK8ACVdN_0jHQ,UCLrZY1Gr7bUK8ACVdN_0jHQ,True,none,0,2021-11-02T10:53:59Z,2021-11-02T10:53:59Z
ehmyaX0lJew,"Hyper int√©ressant, merci pour ton travail","Hyper int√©ressant, merci pour ton travail",Radeon Sapin,https://yt3.ggpht.com/ytc/AKedOLTsWt6Qz_GhsvzIkQB1Raq1ZcuwxEipjR6u5Q=s48-c-k-c0x00ffffff-no-rj,http://www.youtube.com/channel/UCPjD3AMDOx5F_zck9d2fNIw,UCPjD3AMDOx5F_zck9d2fNIw,True,none,0,2021-11-03T07:09:55Z,2021-11-03T07:09:55Z
ehmyaX0lJew,Woa un biologiste qui se met aux sciences politiques ! Incroyable :),Woa un biologiste qui se met aux sciences politiques ! Incroyable :),Cl√©ment,https://yt3.ggpht.com/ytc/AKedOLRXLBCPkfZJFokOG_hdLxAeYzdnDNEu_GmgpMSIrw=s48-c-k-c0x00ffffff-no-rj,http://www.youtube.com/channel/UCzF6C91MONgiXuZdWYSnvWg,UCzF6C91MONgiXuZdWYSnvWg,True,none,1,2021-11-04T00:52:56Z,2021-11-04T00:52:56Z
ehmyaX0lJew,"Bonjour L√©o, bon courage dans ton nouveau projet ! Une question cependant, connais tu la guillotine... ? ‚ò∫Ô∏è","Bonjour L√©o, bon courage dans ton nouveau projet ! Une question cependant, connais tu la guillotine... ? ‚ò∫Ô∏è",J B,https://yt3.ggpht.com/ytc/AKedOLS-hv0IGfmRKegrb_dVEz7QxoPdwVuxu7Wfyt_S=s48-c-k-c0x00ffffff-no-rj,http://www.youtube.com/channel/UCj3Yoj4Mhu1ULaPsT0KvPZw,UCj3Yoj4Mhu1ULaPsT0KvPZw,True,none,0,2021-11-04T10:56:34Z,2021-11-04T10:56:34Z
ehmyaX0lJew,La collab avec fouloscopie est une id√©e de g√©nie ! <br>(tout comme le reste de la vid√©o en r√©alit√©),"La collab avec fouloscopie est une id√©e de g√©nie ! 
(tout comme le reste de la vid√©o en r√©alit√©)",knightmare2,https://yt3.ggpht.com/ytc/AKedOLRTPPR89Ozk64irRPjTL03QeQ4n8fj8w9Us8Kc7=s48-c-k-c0x00ffffff-no-rj,http://www.youtube.com/channel/UCrkvTjXH7O_8SeQysT6otdg,UCrkvTjXH7O_8SeQysT6otdg,True,none,138,2021-11-01T16:26:22Z,2021-11-01T16:26:22Z
ehmyaX0lJew,"Incroyable, l&#39;experience me plait beaucoup","Incroyable, l'experience me plait beaucoup",stll stll,https://yt3.ggpht.com/ytc/AKedOLSlIsO4rdae0JzKi4wGQOS-6N4DnCxEotpl1Zvn=s48-c-k-c0x00ffffff-no-rj,http://www.youtube.com/channel/UCeFoJ8mIlOi8-3M5_yYHV8g,UCeFoJ8mIlOi8-3M5_yYHV8g,True,none,0,2021-11-04T13:16:39Z,2021-11-04T13:16:39Z
ehmyaX0lJew,Faire un pays o√π les m√©tiers de la recherche seraient autant comp√©titifs que les autres m√©tiers<br>√ßa serait beau non?<br>Imaginez des chercheurs qui gagnent autant qu&#39;un commercial et qui pourraient s&#39;investir dans leur propres recherches au bout de leur carri√®re<br>Je vous laisse remonter l&#39;info a notre fondateur du DBgistan<br><br>Pour le territoire √ßa passe le &quot;continent plastique&quot; ? x),"Faire un pays o√π les m√©tiers de la recherche seraient autant comp√©titifs que les autres m√©tiers
√ßa serait beau non?
Imaginez des chercheurs qui gagnent autant qu'un commercial et qui pourraient s'investir dans leur propres recherches au bout de leur carri√®re
Je vous laisse remonter l'info a notre fondateur du DBgistan

Pour le territoire √ßa passe le ""continent plastique"" ? x)",Badbelzebuth Junior,https://yt3.ggpht.com/ytc/AKedOLT4GD4S7pB6FXD1wlyUjzSZhvI0a9xmOpBn09NR=s48-c-k-c0x00ffffff-no-rj,http://www.youtube.com/channel/UCnGWJHCfz4-W2neGbJ_naxw,UCnGWJHCfz4-W2neGbJ_naxw,True,none,2,2021-11-02T09:36:11Z,2021-11-02T09:46:23Z
ehmyaX0lJew,Excellente id√©e ! √áa fait une solution de repli pour fuir si les √©lections de 2022 se passent comme elles ont l&#39;air de commencer !,Excellente id√©e ! √áa fait une solution de repli pour fuir si les √©lections de 2022 se passent comme elles ont l'air de commencer !,Guillaume Se,https://yt3.ggpht.com/ytc/AKedOLSO0SWdx8p2FR6eAEplU79NO7ZZh7xFZBvvpf1_=s48-c-k-c0x00ffffff-no-rj,http://www.youtube.com/channel/UCNB9ahXxk0iM_UyPKuE7jsg,UCNB9ahXxk0iM_UyPKuE7jsg,True,none,0,2021-11-02T10:51:23Z,2021-11-02T10:51:23Z
ehmyaX0lJew,J&#39;adore le projet ! C&#39;est normal si le lien discord est expir√© ? ü•∫,J'adore le projet ! C'est normal si le lien discord est expir√© ? ü•∫,Clara Astier,https://yt3.ggpht.com/ytc/AKedOLRepdi9lFY9zOlAKm2y_vQxSFpKyCpmj4_Idw=s48-c-k-c0x00ffffff-no-rj,http://www.youtube.com/channel/UCu5bPfk1UQjlBdTbj0G0O9Q,UCu5bPfk1UQjlBdTbj0G0O9Q,True,none,4,2021-11-02T19:45:06Z,2021-11-02T19:45:06Z
ehmyaX0lJew,"Je propose d&#39;envoyer de ce pas un ambassadeur vers la Pr√©sipaut√© du Groland, afin d&#39;√©tablir de bonnes relations avec ce pays au combien important dans la g√©opolitique mondiale !","Je propose d'envoyer de ce pas un ambassadeur vers la Pr√©sipaut√© du Groland, afin d'√©tablir de bonnes relations avec ce pays au combien important dans la g√©opolitique mondiale !",AGuiFr,https://yt3.ggpht.com/ytc/AKedOLRCdemSUH7OL4McaGJNoaA3xrxOyS_hKbL3gw=s48-c-k-c0x00ffffff-no-rj,http://www.youtube.com/channel/UCmMTUc3n8uqxsPxf8a8iODA,UCmMTUc3n8uqxsPxf8a8iODA,True,none,70,2021-11-01T14:56:02Z,2021-11-01T14:56:02Z
ehmyaX0lJew,Pour constituer une image en full HD il faudrait qu‚Äôon sois 2‚ÄØ073‚ÄØ600 √† int√©grer le pays,Pour constituer une image en full HD il faudrait qu‚Äôon sois 2‚ÄØ073‚ÄØ600 √† int√©grer le pays,Zarkha_,https://yt3.ggpht.com/4WZQqKSGs7Tjk4S92wWrvHX9WcecK_l9bTulO_jD5BFia7NUPdAy3cgvdSc6-nq7Im0lAkJL=s48-c-k-c0x00ffffff-no-rj,http://www.youtube.com/channel/UCSw-KTahn409NKUZs_J3qtA,UCSw-KTahn409NKUZs_J3qtA,True,none,0,2021-11-21T16:01:52Z,2021-11-21T16:01:52Z
ehmyaX0lJew,Je sais pas si on se rends compte √† quel point ta chaine est incroyable vraiment t&#39;es l&#39;une des chaines les plus respectable de tout le yotube france(voir mondial),Je sais pas si on se rends compte √† quel point ta chaine est incroyable vraiment t'es l'une des chaines les plus respectable de tout le yotube france(voir mondial),Raphomega,https://yt3.ggpht.com/ytc/AKedOLQ8Nf8jxYv2wj5joSWuOxQS_4RiCxl-9BfeDuAQuw=s48-c-k-c0x00ffffff-no-rj,http://www.youtube.com/channel/UCBw90yhXr7l8k8HZi8exO_A,UCBw90yhXr7l8k8HZi8exO_A,True,none,0,2021-11-04T14:36:38Z,2021-11-04T14:36:38Z
ehmyaX0lJew,"Tr√®s, tr√®s puissant. Ambitieux en toute humilit√©, avec l&#39;humour de mise et la p√©dagogie qui va bien.<br>Bravo et merci pour tout.","Tr√®s, tr√®s puissant. Ambitieux en toute humilit√©, avec l'humour de mise et la p√©dagogie qui va bien.
Bravo et merci pour tout.",Faryuth,https://yt3.ggpht.com/ytc/AKedOLQ3ikNRjNFpAxU5hpS30gSa6lYdCZek_9_wC9LJ=s48-c-k-c0x00ffffff-no-rj,http://www.youtube.com/channel/UCtKisYnoIMQicrX3lj4-d9w,UCtKisYnoIMQicrX3lj4-d9w,True,none,0,2021-11-03T20:57:54Z,2021-11-03T20:57:54Z
ehmyaX0lJew,"J&#39;ai qu&#39;un commentaire √† faire : √ßa laisse √† d√©sirer c√¥t√© cartographie. J&#39;ai jamais vu un hexagone pareil ;D<br>Sinon, super int√©ressant","J'ai qu'un commentaire √† faire : √ßa laisse √† d√©sirer c√¥t√© cartographie. J'ai jamais vu un hexagone pareil ;D
Sinon, super int√©ressant",Flocon 17,https://yt3.ggpht.com/ytc/AKedOLR4s8PaNFmKv7N-kKKRvQsbK6lAn6UAQYUszMw6DA=s48-c-k-c0x00ffffff-no-rj,http://www.youtube.com/channel/UCN26QLfe_B4H36Pbedfzknw,UCN26QLfe_B4H36Pbedfzknw,True,none,0,2021-11-07T09:42:45Z,2021-11-07T09:43:03Z
ehmyaX0lJew,"Les montages de tes derni√®res vid√©os toutes particuli√®rement sont vraiment incroyables, on trouve moins bien √† la t√©l√©... Sache qu&#39;on te soutient de tout c≈ìur dans l&#39;√©volution de ta cha√Æne car un tel investissement est vraiment remarquable et est digne de respect.<br>Solennellement,         <br><br><br>Jsp comment finir ce commentaire","Les montages de tes derni√®res vid√©os toutes particuli√®rement sont vraiment incroyables, on trouve moins bien √† la t√©l√©... Sache qu'on te soutient de tout c≈ìur dans l'√©volution de ta cha√Æne car un tel investissement est vraiment remarquable et est digne de respect.
Solennellement,         


Jsp comment finir ce commentaire",Lo. rsŒ±n,https://yt3.ggpht.com/ytc/AKedOLQXWqCaviW0TqR08n-cEfs3QchXns0aKhq9Nbog_g=s48-c-k-c0x00ffffff-no-rj,http://www.youtube.com/channel/UCn_xFfegatD2mU4mUjpatlg,UCn_xFfegatD2mU4mUjpatlg,True,none,112,2021-11-01T19:53:36Z,2021-11-01T19:53:36Z
ehmyaX0lJew,Ravi de faire parti de cette nouvelle nation :),Ravi de faire parti de cette nouvelle nation :),Adam Afns,https://yt3.ggpht.com/ytc/AKedOLSDQ_LLOKwDg3ycIKfrnwLhnNmp0zgcqLFHpnfldw=s48-c-k-c0x00ffffff-no-rj,http://www.youtube.com/channel/UCw0zmcU1sw34_6ZARISm3tA,UCw0zmcU1sw34_6ZARISm3tA,True,none,0,2021-11-03T00:17:52Z,2021-11-03T00:17:52Z
ehmyaX0lJew,Bravo pour ce projet ! Je n&#39;aurais jamais plat simple poncer de croire que tu peux aller faire son propre pays ! Mais les miracles existent ! <br><br><br><br><br><br><br><br>En plus tu es tr√®s joli . :3 .,"Bravo pour ce projet ! Je n'aurais jamais plat simple poncer de croire que tu peux aller faire son propre pays ! Mais les miracles existent ! 







En plus tu es tr√®s joli . :3 .",Kawaii chan .,https://yt3.ggpht.com/ytc/AKedOLRRJUo3f8cf8H8bL2UgHcsU7JZMqiMWxiVVyxinfQ=s48-c-k-c0x00ffffff-no-rj,http://www.youtube.com/channel/UCoqxZ6q6YCOlWbbspvoW9QA,UCoqxZ6q6YCOlWbbspvoW9QA,True,none,0,2021-11-03T12:59:00Z,2021-11-03T12:59:22Z
ehmyaX0lJew,"Quelle est la nature des gestes barri√®res en DirtyBioland ?<br>En tout cas, merci pour ces vid√©os Ma√Ætre L√©o. Vid√©os qui seront l&#39;opium du peuple, cela va sans dire !","Quelle est la nature des gestes barri√®res en DirtyBioland ?
En tout cas, merci pour ces vid√©os Ma√Ætre L√©o. Vid√©os qui seront l'opium du peuple, cela va sans dire !",Guillaume Dosser,https://yt3.ggpht.com/ytc/AKedOLSJpP7nmDzyOnBl0wdpPjGm5pEJahtq5CTXmlbg2gc0lsFKLjE9GDRnmpoeTJ4F=s48-c-k-c0x00ffffff-no-rj,http://www.youtube.com/channel/UCUl4RDHIxpRuIC29MML8Dgw,UCUl4RDHIxpRuIC29MML8Dgw,True,none,0,2021-11-02T22:29:03Z,2021-11-02T22:29:03Z
ehmyaX0lJew,"INCROYABLE. J&#39;adore cette id√©e,  l&#39;hymne pourrait √™tre... du iron Maiden ! Non je rigole (quoique)<br><br><br>Tr√®s cool mais les liens ne fonctionnent plus üò≠ü•≤","INCROYABLE. J'adore cette id√©e,  l'hymne pourrait √™tre... du iron Maiden ! Non je rigole (quoique)


Tr√®s cool mais les liens ne fonctionnent plus üò≠ü•≤",Juju Sol,https://yt3.ggpht.com/ytc/AKedOLSB4G5dJivh8rYr4IXC9FHk6PMln96I-tKrHw=s48-c-k-c0x00ffffff-no-rj,http://www.youtube.com/channel/UCmSRjSIawZguppPpYsJnMNQ,UCmSRjSIawZguppPpYsJnMNQ,True,none,2,2021-11-02T00:03:07Z,2021-11-02T00:03:07Z
ehmyaX0lJew,"J&#39;ai √©t√© refus√© √† la douane pour int√©grer le pays, &quot;mail d√©j√† existant&quot; mais si je fais mot de passe oubli√© &quot;une erreur est survenue&quot;. √áa aura √©t√© une belle aventure","J'ai √©t√© refus√© √† la douane pour int√©grer le pays, ""mail d√©j√† existant"" mais si je fais mot de passe oubli√© ""une erreur est survenue"". √áa aura √©t√© une belle aventure",Manek',https://yt3.ggpht.com/ytc/AKedOLS-8veC1c0heDYsFs3AWUhE93aCa06hAY_7ZSKkWQ=s48-c-k-c0x00ffffff-no-rj,http://www.youtube.com/channel/UCWGY6U3Qa8rZxBbBc4ysRcw,UCWGY6U3Qa8rZxBbBc4ysRcw,True,none,1,2021-11-02T08:25:37Z,2021-11-02T08:25:37Z
ehmyaX0lJew,Je dis oui pour ce pays et oui pour le petit bar sur la place du village ou on peut manger des falafels et boit de l&#39;IPA üí™üèºüòä<br>PS: le lien Discord ne fonctionne plus üòï,"Je dis oui pour ce pays et oui pour le petit bar sur la place du village ou on peut manger des falafels et boit de l'IPA üí™üèºüòä
PS: le lien Discord ne fonctionne plus üòï",yuna gauchard,https://yt3.ggpht.com/ytc/AKedOLRcMOrs2yOZJZyRKMvGpqvgx_9hftXObxekq6vN=s48-c-k-c0x00ffffff-no-rj,http://www.youtube.com/channel/UCuUGOIk1YO2iNzH3GHfMTrg,UCuUGOIk1YO2iNzH3GHfMTrg,True,none,0,2021-11-02T01:24:34Z,2021-11-02T01:36:04Z
ehmyaX0lJew,"Moi aussi j‚Äôavais cr√©√© un pays il y a quelque temps, on pourrait avoir des relations diplomatiques !<br>Vivent la r√©publique de Dirty Biology et le Domaine d‚ÄôAntartika !","Moi aussi j‚Äôavais cr√©√© un pays il y a quelque temps, on pourrait avoir des relations diplomatiques !
Vivent la r√©publique de Dirty Biology et le Domaine d‚ÄôAntartika !",Lord Manchot,https://yt3.ggpht.com/JX_HIyZR37PGQHGFtsApO_f_g5YG92yyKJTJSOwg3r-F3PexFofBr_elBXLMuhM6W-gXCqN8oQ=s48-c-k-c0x00ffffff-no-rj,http://www.youtube.com/channel/UC2aUivAeOvHouitA_y2fOjw,UC2aUivAeOvHouitA_y2fOjw,True,none,3,2021-11-03T17:25:46Z,2021-11-03T17:25:46Z
ehmyaX0lJew,La qualit√© de la vid√©o... c&#39;est beau üëç,La qualit√© de la vid√©o... c'est beau üëç,Dwrf LM,https://yt3.ggpht.com/ytc/AKedOLQNgt6ZJaj0PxNjGHWPKTiP0cl9ML3Nrrkdbat0iw=s48-c-k-c0x00ffffff-no-rj,http://www.youtube.com/channel/UCZkgadm75L1VPTYr-ECYTpA,UCZkgadm75L1VPTYr-ECYTpA,True,none,0,2021-11-02T12:39:53Z,2021-11-02T12:39:53Z
ehmyaX0lJew,On peux avoir la double nationalit√© avec la France ? <br>Je paie mes imp√¥ts chez toi mais je garde ma carte vital...,"On peux avoir la double nationalit√© avec la France ? 
Je paie mes imp√¥ts chez toi mais je garde ma carte vital...",watewmark,https://yt3.ggpht.com/ytc/AKedOLQYQIL-_IWHnsiF1qhP4srEuZDoRzJE2gFc4HdE=s48-c-k-c0x00ffffff-no-rj,http://www.youtube.com/channel/UCq01-obItoGzGcCLZc_iMjQ,UCq01-obItoGzGcCLZc_iMjQ,True,none,416,2021-11-01T13:49:09Z,2021-11-01T13:51:42Z
ehmyaX0lJew,"Hey,<br>Superbe vid√©o, bon je re√ßois pas mon mail de validation suite √† l&#39;inscription du site internet, d&#39;ailleurs le lien discord fonctionne pas non plus üò≠","Hey,
Superbe vid√©o, bon je re√ßois pas mon mail de validation suite √† l'inscription du site internet, d'ailleurs le lien discord fonctionne pas non plus üò≠",weaveul,https://yt3.ggpht.com/ytc/AKedOLS1Av-YvlMLrNOlXBBXNBD3-4ad8vuni9Ne_lbk=s48-c-k-c0x00ffffff-no-rj,http://www.youtube.com/channel/UCOQL5tWvyeN-gUy7ciYRvqw,UCOQL5tWvyeN-gUy7ciYRvqw,True,none,3,2021-11-02T08:45:31Z,2021-11-02T08:45:31Z
ehmyaX0lJew,Je viens de d√©couvrir ta chaine et tu fais de bonne vid√©o.,Je viens de d√©couvrir ta chaine et tu fais de bonne vid√©o.,Xuleb,https://yt3.ggpht.com/JEGDX5VHUmz-3CUn1f25KLkI1pTejM4zxUVzim6LBJ3akWqwIl1rdUUKGcx00Sr0hkB6HyFcUA=s48-c-k-c0x00ffffff-no-rj,http://www.youtube.com/channel/UCT0c3--DuJLghHxscdBsCBg,UCT0c3--DuJLghHxscdBsCBg,True,none,0,2021-11-05T16:40:06Z,2021-11-05T16:40:06Z
ehmyaX0lJew,"Hey L√©o, l&#39;invite discord semble √™tre invalide pour le moment, soit on a tu√© le serveur, soit il y a quelque chose √† faire de ton c√¥t√© ! Super vid√©o comme d&#39;habitude","Hey L√©o, l'invite discord semble √™tre invalide pour le moment, soit on a tu√© le serveur, soit il y a quelque chose √† faire de ton c√¥t√© ! Super vid√©o comme d'habitude",hen ko,https://yt3.ggpht.com/ytc/AKedOLRhTqOzSCAPKoKe8XUOETXPxhOCnLUNxVqeJwSbpw=s48-c-k-c0x00ffffff-no-rj,http://www.youtube.com/channel/UCd8QFoivzrJZ7mb_PGUEh3Q,UCd8QFoivzrJZ7mb_PGUEh3Q,True,none,0,2021-11-06T20:17:44Z,2021-11-06T20:17:44Z
ehmyaX0lJew,"Attends est-ce que tu vas relancer the place avec le drapeau ? √áa n&#39;avait dur√© que 3 jours et avait √©t√© un des meilleurs √©v√®nements auquel j&#39;ai assist√© sur internet, je viens de me bouffer une nostalgie immense l√†, CETTE ID√âE EST G√âNIALE","Attends est-ce que tu vas relancer the place avec le drapeau ? √áa n'avait dur√© que 3 jours et avait √©t√© un des meilleurs √©v√®nements auquel j'ai assist√© sur internet, je viens de me bouffer une nostalgie immense l√†, CETTE ID√âE EST G√âNIALE",Archeacnos,https://yt3.ggpht.com/iL7LbO_23gPgEZCdJZuhtgSX4FQ7muXR0hYaWOxrajewiORHY7R-rr7Ui-WAoMF_6hpHCNKnpA=s48-c-k-c0x00ffffff-no-rj,http://www.youtube.com/channel/UCewIZnX_YpqzXraK5BUjUIg,UCewIZnX_YpqzXraK5BUjUIg,True,none,1,2021-11-05T16:52:07Z,2021-11-05T16:52:07Z
ehmyaX0lJew,"&quot;si vous voulez dessiner un truc √† plusieurs&quot;, √ßa pourrait tr√®s mal terminer....","""si vous voulez dessiner un truc √† plusieurs"", √ßa pourrait tr√®s mal terminer....",Mintberry Crunch,https://yt3.ggpht.com/ytc/AKedOLRP9F9l1imk0DzBzI1W9JODdx4lueFAW35qplmK=s48-c-k-c0x00ffffff-no-rj,http://www.youtube.com/channel/UC5jvQVJigxbYQXdp1KxRnWg,UC5jvQVJigxbYQXdp1KxRnWg,True,none,311,2021-11-01T18:32:44Z,2021-11-01T18:32:44Z
ehmyaX0lJew,Bravo üëè mon r√™ve √† moi c‚Äôest de cr√©e une ambiance de bar sur YouTube ü•≥,Bravo üëè mon r√™ve √† moi c‚Äôest de cr√©e une ambiance de bar sur YouTube ü•≥,Bob e Bartender,https://yt3.ggpht.com/P9QpPsrau_okEs4yZ9EaKIlhhbOnFv0jRhnysQtKDkmUqo5bU0redOWPVXl16x0Sr7Phq-ZN6es=s48-c-k-c0x00ffffff-no-rj,http://www.youtube.com/channel/UCWmndZbGnHZ_TG5GiDpKxaA,UCWmndZbGnHZ_TG5GiDpKxaA,True,none,0,2021-11-06T11:16:15Z,2021-11-06T11:16:15Z
ehmyaX0lJew,J&#39;adore cette phrase &quot;√† l&#39;√©chelle des nation ces l&#39;anarchie qui r√®gne&quot; tous est dit.,"J'adore cette phrase ""√† l'√©chelle des nation ces l'anarchie qui r√®gne"" tous est dit.",meddy sauverin lousta,https://yt3.ggpht.com/ytc/AKedOLRGVxq7ESUFJEvbpThnzGdYmtCH6JPVJPuiyQ=s48-c-k-c0x00ffffff-no-rj,http://www.youtube.com/channel/UCozhozKgckKvExM6Vg28Y3Q,UCozhozKgckKvExM6Vg28Y3Q,True,none,0,2021-11-26T14:01:27Z,2021-11-26T14:01:27Z
ehmyaX0lJew,"incroyable comme vid√©o, la qualit√© est ouf","incroyable comme vid√©o, la qualit√© est ouf",Katsu Yhorgimaq,https://yt3.ggpht.com/ytc/AKedOLRWwmvVxYsdHmTMGsJJdhkHZV1SWrJoUUYDrqs86A=s48-c-k-c0x00ffffff-no-rj,http://www.youtube.com/channel/UCZxvZ_v1MpSNjVoyOsVFEjQ,UCZxvZ_v1MpSNjVoyOsVFEjQ,True,none,0,2021-11-07T08:33:38Z,2021-11-07T08:33:38Z
ehmyaX0lJew,"Pour l&#39;hymne, faudrait faire la m√™me chose que pour le drapeau : on se fait un compte et on choisit UNE note de musique, ce qui ferait une suite de sons un peu bord√©lique (faudrait peut-√™tre mettre une limite au nombre de personnes, sinon on aurait une hymne tr√®s, tr√®s longue ü§î)","Pour l'hymne, faudrait faire la m√™me chose que pour le drapeau : on se fait un compte et on choisit UNE note de musique, ce qui ferait une suite de sons un peu bord√©lique (faudrait peut-√™tre mettre une limite au nombre de personnes, sinon on aurait une hymne tr√®s, tr√®s longue ü§î)",Yaourt Nature,https://yt3.ggpht.com/ytc/AKedOLSoBAhs0yT7Thk1TWcQ-HXEbC3oMv-1hPfE6dlX=s48-c-k-c0x00ffffff-no-rj,http://www.youtube.com/channel/UCVN6CzWz_0RXm3ejyDWyBsg,UCVN6CzWz_0RXm3ejyDWyBsg,True,none,0,2021-11-04T11:49:17Z,2021-11-04T11:49:17Z
ehmyaX0lJew,"<a href=""https://www.youtube.com/watch?v=ehmyaX0lJew&amp;t=4m25s"">4:25</a> L&#39;Albanie ne faisait pas partie de la Yougoslavie, c&#39;√©tait un √©tat communiste ind√©pendant dirig√© par Enver Hoxha. Comme j&#39;y suis parti cet √©t√© je me sentais oblig√© de le pr√©ciser ;)","4:25 L'Albanie ne faisait pas partie de la Yougoslavie, c'√©tait un √©tat communiste ind√©pendant dirig√© par Enver Hoxha. Comme j'y suis parti cet √©t√© je me sentais oblig√© de le pr√©ciser ;)",Lord Wist,https://yt3.ggpht.com/ytc/AKedOLT3x1Pi8VA3yiF8ZcReX9MakWUBGngY9LvfH_au=s48-c-k-c0x00ffffff-no-rj,http://www.youtube.com/channel/UCAxXfKlHq70gk4lF6Bu642Q,UCAxXfKlHq70gk4lF6Bu642Q,True,none,111,2021-11-01T21:58:34Z,2021-11-01T21:58:34Z
ehmyaX0lJew,"Toujours de la qualit√© et content que tu puisse etre financ√© pour cette qualit√©. C&#39;est un peu dommage que ce soit par Displate qui est connu pour voler, souvent et consciement le travail d&#39;artistes :(.","Toujours de la qualit√© et content que tu puisse etre financ√© pour cette qualit√©. C'est un peu dommage que ce soit par Displate qui est connu pour voler, souvent et consciement le travail d'artistes :(.",tangi bodio,https://yt3.ggpht.com/ytc/AKedOLSAt8BFIYQX-fbWwDC6EK5T3dU_5gJAq4dp725b0g=s48-c-k-c0x00ffffff-no-rj,http://www.youtube.com/channel/UCkvzKfIF8WWFPNvHM9wiRLA,UCkvzKfIF8WWFPNvHM9wiRLA,True,none,0,2021-11-08T17:47:42Z,2021-11-08T17:54:25Z
ehmyaX0lJew,"<a href=""http://www.youtube.com/results?search_query=%23r%C3%A9f%C3%A9rencement"">#R√©f√©rencement</a><br>Quelle bande de g√©nies vous √™tes de trouver toujours autant de directions vers lesquelles tourner son esprit et pratiquer d&#39;la science.<br>Merci pour le taff que vous faites √† notre place dans vos domaines, toi et tous les autres. üôèüß†ü§Ø","#R√©f√©rencement
Quelle bande de g√©nies vous √™tes de trouver toujours autant de directions vers lesquelles tourner son esprit et pratiquer d'la science.
Merci pour le taff que vous faites √† notre place dans vos domaines, toi et tous les autres. üôèüß†ü§Ø",Brandon Gomez-Grana,https://yt3.ggpht.com/ytc/AKedOLSdJ2JTl0IO3kRvivFyvXwx-IbkZuvbjGjMtA=s48-c-k-c0x00ffffff-no-rj,http://www.youtube.com/channel/UCzYM2CN8j1Y9EAGXfAaE9iw,UCzYM2CN8j1Y9EAGXfAaE9iw,True,none,4,2021-11-02T21:35:15Z,2021-11-02T21:35:15Z
ehmyaX0lJew,Super la vid√©o ! Tu pourra faire une suite au DBY#45 stp pour savoir si la situation √† avanc√©e ?,Super la vid√©o ! Tu pourra faire une suite au DBY#45 stp pour savoir si la situation √† avanc√©e ?,Gwen,https://yt3.ggpht.com/rGyqYvHPzgvUJCV0oZ6V9M8p0pC2skfCP2AJVlXs9k9VWIHFyRFIFZhxGGsydiJEEluFy0qRyw=s48-c-k-c0x00ffffff-no-rj,http://www.youtube.com/channel/UCuGS2H3BKT-m1dhp4GGVyZQ,UCuGS2H3BKT-m1dhp4GGVyZQ,True,none,1,2021-11-12T15:29:06Z,2021-11-12T15:29:20Z
ehmyaX0lJew,√ßa y est je suis Dirtybiologistan ^^ Bravo a toi (L√©o 1er)  et merci pour le contenue qui n&#39;est jamais lassant. ^^,√ßa y est je suis Dirtybiologistan ^^ Bravo a toi (L√©o 1er)  et merci pour le contenue qui n'est jamais lassant. ^^,david donnin,https://yt3.ggpht.com/ytc/AKedOLSqkvQVW2ncNdbrARPLNgaZJY7DoNY-IxkYYvWvpPRHJe8RUolN9_CNDd6Po3B_=s48-c-k-c0x00ffffff-no-rj,http://www.youtube.com/channel/UC3RItEVmtmX-VQDrfJZbXOQ,UC3RItEVmtmX-VQDrfJZbXOQ,True,none,0,2021-11-02T12:48:26Z,2021-11-02T12:48:26Z
ehmyaX0lJew,"Il suffirait donc de cr√©er un site internet avec des r√®gles, un chat et plein d&#39;autres activit√©s super cools et √ßa serait bon üòé","Il suffirait donc de cr√©er un site internet avec des r√®gles, un chat et plein d'autres activit√©s super cools et √ßa serait bon üòé",LordXenoFast,https://yt3.ggpht.com/780phKGxjfQ_-ePgGiVTErViL244xqz0yvm8N5v-MEulA8sfpn9JcOzb6NUIlwn_g5WY1KIo9lQ=s48-c-k-c0x00ffffff-no-rj,http://www.youtube.com/channel/UCxC5PuEcaZUmKqJF__AXm_w,UCxC5PuEcaZUmKqJF__AXm_w,True,none,0,2021-12-13T09:13:27Z,2021-12-13T09:13:27Z
ehmyaX0lJew,Je suis un fier pixel bleu vert et j&#39;ai h√¢te de participer √† la constitution collaborative. Vivement la suite !,Je suis un fier pixel bleu vert et j'ai h√¢te de participer √† la constitution collaborative. Vivement la suite !,Christelle Lebreton-Coulon,https://yt3.ggpht.com/ytc/AKedOLT7myDiel70zgtVEOuMZQoOacPmsD-c2Wb6gAtsvF4=s48-c-k-c0x00ffffff-no-rj,http://www.youtube.com/channel/UCwgVnLjwF1u1yIsJQBYUEjQ,UCwgVnLjwF1u1yIsJQBYUEjQ,True,none,0,2021-11-02T20:34:57Z,2021-11-02T20:34:57Z
ehmyaX0lJew,"Merci de nous accueillir, que tu es g√©n√©reux Roi L√©o","Merci de nous accueillir, que tu es g√©n√©reux Roi L√©o",Erthinthael 02,https://yt3.ggpht.com/imKKLfZDbc0E9SxBKu3cDf4WMfVhAxrtEd_sanEYwxjpQaJWArnnbA7eID5SAPdcn4sfE04YCis=s48-c-k-c0x00ffffff-no-rj,http://www.youtube.com/channel/UCmlfKiQvpL19-PBGjqDa0oQ,UCmlfKiQvpL19-PBGjqDa0oQ,True,none,0,2021-11-01T23:52:33Z,2021-11-01T23:52:33Z
ehmyaX0lJew,"Ex-Ce-Llent. Tu es √©norme L√©o, s√©rieux. BRAVO ! et Merci.","Ex-Ce-Llent. Tu es √©norme L√©o, s√©rieux. BRAVO ! et Merci.",Cartoon -g,https://yt3.ggpht.com/ytc/AKedOLRuRv7WBd0CrxilolribulXUNpTakZ8pO1FSf8t=s48-c-k-c0x00ffffff-no-rj,http://www.youtube.com/channel/UC8AQgrsj0E4OIAJJ2dewlmQ,UC8AQgrsj0E4OIAJJ2dewlmQ,True,none,0,2021-11-10T19:47:57Z,2021-11-10T19:47:57Z
ehmyaX0lJew,"Alors th√©oriquement parlant, rien ne nous emp√™che de choisir l‚ÄôAntarctique. Le trait√© sur l‚ÄôAntarctique ne s‚Äôapplique que aux √©tats qui l‚Äôont sign√© et m√™me s‚Äôil fait taire les revendications territoriales, il est √©crit que les √©tats signataires ne renoncent en rien √† leur revendication","Alors th√©oriquement parlant, rien ne nous emp√™che de choisir l‚ÄôAntarctique. Le trait√© sur l‚ÄôAntarctique ne s‚Äôapplique que aux √©tats qui l‚Äôont sign√© et m√™me s‚Äôil fait taire les revendications territoriales, il est √©crit que les √©tats signataires ne renoncent en rien √† leur revendication",Su per Malababa,https://yt3.ggpht.com/ytc/AKedOLQVu5KULXWyu2IASTW8LzCSu7rI6rGPQaCNPNZ4dQ=s48-c-k-c0x00ffffff-no-rj,http://www.youtube.com/channel/UCA7C5TAawSwKECpEwU7sHlg,UCA7C5TAawSwKECpEwU7sHlg,True,none,58,2021-11-01T14:19:35Z,2021-11-01T14:19:35Z
ehmyaX0lJew,"passeports ont √©t√©s propos√©s et une langue est en cours de cr√©ation, il y a tellement de discords que j&#39;en suis perdu, mais je trouve cette experience formidable (vraiment)..","passeports ont √©t√©s propos√©s et une langue est en cours de cr√©ation, il y a tellement de discords que j'en suis perdu, mais je trouve cette experience formidable (vraiment)..",alida flus,https://yt3.ggpht.com/ytc/AKedOLT2gl6dHIwGGFjmT_d_r1TkAbUentmu8aeJmA0Q=s48-c-k-c0x00ffffff-no-rj,http://www.youtube.com/channel/UCU5cfrtAFx8rQxiHBSLyw-Q,UCU5cfrtAFx8rQxiHBSLyw-Q,True,none,0,2021-11-23T03:21:10Z,2021-11-23T03:21:10Z
ehmyaX0lJew,Je suis fi√®re de faire parti de cette micronation ! C&#39;est o√π qu&#39;on fait les papiers pour les imp√¥ts les APL et les primes exceptionnel de bon citoyens ? ü§îü§£,Je suis fi√®re de faire parti de cette micronation ! C'est o√π qu'on fait les papiers pour les imp√¥ts les APL et les primes exceptionnel de bon citoyens ? ü§îü§£,GueTka Bobi,https://yt3.ggpht.com/ytc/AKedOLQazDQiuscTxV8jsAi0eHrKzVCfCAyZG6WuGA=s48-c-k-c0x00ffffff-no-rj,http://www.youtube.com/channel/UCe-60D61sVKOfxc_LT_aNmQ,UCe-60D61sVKOfxc_LT_aNmQ,True,none,0,2021-11-02T12:24:18Z,2021-11-02T12:24:18Z
ehmyaX0lJew,Meilleur r√©veil ! √âcouter France inter et tomber sur une √©mission sur le Dirtybiologistan üòÇ,Meilleur r√©veil ! √âcouter France inter et tomber sur une √©mission sur le Dirtybiologistan üòÇ,Coline,https://yt3.ggpht.com/ytc/AKedOLSQiml6QzjaZDVwo-rnGZPMjGzBZVujCOMl9-mH=s48-c-k-c0x00ffffff-no-rj,http://www.youtube.com/channel/UCgMd2S2BAbZbVqxTab-g4UA,UCgMd2S2BAbZbVqxTab-g4UA,True,none,0,2021-11-09T05:59:42Z,2021-11-09T05:59:42Z
ehmyaX0lJew,&quot;Shreksophone comme hymne national stp&quot; Et super vid√©o !<br><br>Peut-√™tre que tu pourras avoir t&#39;on pays officiellement √† l&#39;int√©rieur de &quot;Meta&quot; le monde virtuelle que Mark ZUCKERBERG r√©alise.,"""Shreksophone comme hymne national stp"" Et super vid√©o !

Peut-√™tre que tu pourras avoir t'on pays officiellement √† l'int√©rieur de ""Meta"" le monde virtuelle que Mark ZUCKERBERG r√©alise.",Emboulaloucheman,https://yt3.ggpht.com/T2kgBSKImUs8UwVdllQeX6OSnLmtPtBIhpTTRAWfVPV3vPvUPoKmorOSBgDEWUzMFvtopzMeuA=s48-c-k-c0x00ffffff-no-rj,http://www.youtube.com/channel/UCVMpWZIwb6Ngdnc3c8GoC7A,UCVMpWZIwb6Ngdnc3c8GoC7A,True,none,1,2021-11-03T10:10:45Z,2021-11-03T10:13:14Z
